1,292940538,5053oI52qOW53HnAO@op.pl
2,524196649,ge52UblNSIsfV4855@op.pl
3,417260767,v52hSkcf54p51s5549Q@op.pl
4,770199727,qr48dN@yahoo.com
5,519004930,55p56bGe49RH48w5651@yahoo.com
6,360879380,4953StXoqsobm@yahoo.com
7,166829581,5549Ri49LM@op.pl
8,474206917,iVaHiSNDdIt@interia.eu
9,763680822,55wfhVN56qVkYS@wp.pl
10,271460465,ST53k51tCM@op.pl
11,692926422,54U565155@interia.eu
12,530272433,49U53E53ry49@yahoo.com
13,107906064,LaRt53@yahoo.com
14,042529559,54554950V@wp.pl
15,624875348,Xy52n50MY49Y5055@op.pl
16,340322606,oQtVmvkEiI53L@interia.eu
17,034907419,NI52qJ50t5256wV56@op.pl
18,118193342,5551fwU565649535049F53@interia.eu
19,794147278,5550P54D@op.pl
20,441092576,52IeLS5048q54W5052h@gmail.com
21,715043038,BI55qCcc52CVHmLY@interia.eu
22,382489766,48q5350wo535356@op.pl
23,022772214,VHCuabmp55h@op.pl
24,075755033,Cg53545355m48Y56wDB@interia.eu
25,075329662,51O48YLQDPti55ofR@gmail.com
26,533766138,55t48DbW54@op.pl
27,702233366,a5650o485251g48G5354b@op.pl
28,521306017,56q54aI@gmail.com
29,262824464,CkWPYWeE48tSN@wp.pl
30,947955501,u51wMknDs545552VE@yahoo.com
31,354234587,49B55pre5149CD@op.pl
32,700441849,G52KQD5652@wp.pl
33,724856443,56t5049gTAxs53@interia.eu
34,731383579,YuwhH@interia.eu
35,784370419,L49uy52ebC@interia.eu
36,687764415,deWk49NU51n4956I@wp.pl
37,568489503,56J48X5156v48ILr56@wp.pl
38,477925208,YIxaPiS56ksO55@op.pl
39,980102812,k53E495355@interia.eu
40,986294043,F51XuOlOn@wp.pl
41,688199915,48A51AUB53@gmail.com
42,523444882,Yr52Ab50j50jV54r51@interia.eu
43,895570544,bS48pWGT4955e5549@wp.pl
44,406943892,D55b54qM56J48L55Hb51@yahoo.com
45,483384441,52mPO52TJV54O@interia.eu
46,256841191,UwA55r54G@wp.pl
47,571947161,54534953q56HS@op.pl
48,805117325,BeU50RoWP@yahoo.com
49,776139277,50ebYgpBL51g5551@wp.pl
50,631442596,o48NOHQnVlp4853tp@interia.eu
51,606147756,54Ld49PHpQe50@op.pl
52,398010811,r48jDS5250hF54X49@interia.eu
53,835109247,kLUFD@yahoo.com
54,933417210,wQs48485454f494955dt@gmail.com
55,209373908,w50Lsas5650P50XG56@interia.eu
56,883766063,48Ew56sLtY49n51p@gmail.com
57,429003216,a49B5556QocEkevWQ@wp.pl
58,320455179,efa5351@interia.eu
59,064330056,flbNHxM@yahoo.com
60,753833880,hu5355iJNlF49B52@op.pl
61,745520031,AchDa49F52@wp.pl
62,913860509,54TW53ycgHk@yahoo.com
63,145120663,SRogib@gmail.com
64,655475558,YQ55tT52ovkIIy@wp.pl
65,229762404,50qd49Ol50@op.pl
66,522633280,52j55ju55V49Uxcpd@gmail.com
67,032507095,VY5150QxVnd55o@gmail.com
68,494872843,4956XrU5650OE52r51JO@yahoo.com
69,239905930,q565350R51y48EJC5553@yahoo.com
70,358711738,ys53NCVVo@interia.eu
71,277207402,5050APLVeq@op.pl
72,263766358,56N49V495048voW@yahoo.com
73,090164354,NjJd48BX54515049V5548@gmail.com
74,159943571,4956p52f4956AVX@interia.eu
75,105945425,aKShe4956@interia.eu
76,438625535,J52GTyqCngi555056@gmail.com
77,667240322,J4955Q53s48HWAoL50@gmail.com
78,300990253,E53uc535651K48@interia.eu
79,163389770,ty565455stD50@gmail.com
80,241135419,N50dmf@yahoo.com
81,306233049,48Tq5153hHTRHdB@op.pl
82,605391424,qlq5456MrRNeAK52@gmail.com
83,283589750,4955n55tc@yahoo.com
84,892262278,56K49ganhvmGpX@gmail.com
85,869229887,53TFJc5248U@op.pl
86,173420169,Q565352C49r@op.pl
87,896415294,T51S52V4848Sijjj@gmail.com
88,564706627,BYF54Q@yahoo.com
89,871198779,aVS5251L48pO@op.pl
90,253693544,nE50jm53cf53r55w@wp.pl
91,451425169,53pW48o5652eV48xb@gmail.com
92,330866390,pFSb51k50NB54M@interia.eu
93,601520352,52NQ52m55akwf@op.pl
94,327383604,gvIA53N55M@yahoo.com
95,797638183,50qWa49@yahoo.com
96,747233321,YtQYdJp@wp.pl
97,241147203,YytK51s51D52AA@interia.eu
98,548535621,IR55AG5348Yg55RP55@interia.eu
99,488331710,rR56r52@yahoo.com
100,270300441,a53yNmrrpS5454@wp.pl
101,691229338,cOqH52@op.pl
102,773376350,VBP53b525249Qsy@yahoo.com
103,790026727,w56W50E51D@op.pl
104,706340775,Oda515048@interia.eu
105,280431762,5155P55CE49n49GmH@interia.eu
106,783631789,gRysdf@yahoo.com
107,433015687,MJ4852d@op.pl
108,647907674,JuQrxVO56Jg@gmail.com
109,052979625,52bON5655H48CmP5349@interia.eu
110,707311938,c5051NQvF4955qOGPY@gmail.com
111,217943301,54O56E48@gmail.com
112,508471237,53s50X53D@wp.pl
113,689801228,4849GT53G@interia.eu
114,515659870,Xq5349FuubNv54QvU@op.pl
115,639316248,Jsdq51y5149jh@gmail.com
116,110906532,52uV4956@interia.eu
117,736788322,50vPA495253XpGq@yahoo.com
118,158364109,U53w5650jj@wp.pl
119,771326829,iKO48G@op.pl
120,954347048,5151wyPJI5456l@wp.pl
121,944053110,syg4953@yahoo.com
122,095220398,tXlRq5351OTUH56kK@wp.pl
123,113204096,v5252hv@yahoo.com
124,338966226,vAiJ53@wp.pl
125,377759775,51N5148C56R@interia.eu
126,203340496,DbDB55oV5053u56@op.pl
127,839287870,5052505255485451535655X@gmail.com
128,415853555,MuLOl@interia.eu
129,087140280,J5551miTb@interia.eu
130,445555335,D5052y56@gmail.com
131,542301986,Dp5651G5152HVN@op.pl
132,830616030,5449AAk505256F48Yp@yahoo.com
133,988447619,QL5053y@gmail.com
134,963791178,mi494948KuUKjX@interia.eu
135,685177498,545252c5452UXfftg52@interia.eu
136,817441401,50TyvkT49jmNJ@wp.pl
137,680791052,IwsFcI55PsE50@wp.pl
138,999758599,hIcOuJn53x@yahoo.com
139,726426701,GVbs4849@op.pl
140,735036773,5256O48apPu56@gmail.com
141,760305002,495150Gjvj@gmail.com
142,694376502,bkEne545352n4852Kcn@op.pl
143,918309206,A484949m5352K53@wp.pl
144,496407319,VU53FOES@interia.eu
145,210541038,51l5453g55v48@op.pl
146,723258296,y51v4950HIV@gmail.com
147,616534955,G5156Q52Mx5148u54gSX@op.pl
148,710990305,o54x55I50@wp.pl
149,414581002,48w50rxm@wp.pl
150,802406684,56ws49K@yahoo.com
151,081737557,UA51w50@wp.pl
152,246484912,5553o56nhJn56@interia.eu
153,626022457,xQ53KkL@op.pl
154,951120233,51jsV56gEB52EEnd@wp.pl
155,731429335,mBqE49i@yahoo.com
156,423146778,C54d5056P54@yahoo.com
157,783383434,yhv52qBpYvy@interia.eu
158,340882742,X5654KO5054F50N@wp.pl
159,259558990,faHLjHci53b@gmail.com
160,666431918,55E5055YfA5148e54m@wp.pl
161,829155257,50FAq56rdQNp5653@interia.eu
162,657316430,5056x55vGErl55@op.pl
163,117790526,lF55vl51@wp.pl
164,968161662,J50jGJ@op.pl
165,997006132,FqYWdp48YTU@wp.pl
166,824072645,DqNt49qBkM5253v@wp.pl
167,258401327,535453uKNR50tIx5048m@interia.eu
168,756104329,s54tahrB48W50dLj@op.pl
169,442560699,SPQ5348Wq4951UV4856k@op.pl
170,257717397,53F51tDREMPu52@gmail.com
171,086184680,EXlcq55F54@wp.pl
172,898800493,51535350MS50HO@interia.eu
173,755918406,Kjr53O48p54Pf@gmail.com
174,111715347,56oFcTh54co54M@interia.eu
175,916118663,4848pv49rq55dTOi@yahoo.com
176,425633700,rrPFGKbYU48@op.pl
177,968654108,mO48a55JpYg51hniR@op.pl
178,687977236,uQ55LAfE53NJv5555R@yahoo.com
179,287127312,DFfMkJODwB@wp.pl
180,085494107,R5356dbka48@wp.pl
181,310331069,5555GwltO5651HR@op.pl
182,735886094,tnLpm49Djaf@interia.eu
183,725407900,MfEMN@yahoo.com
184,199376018,49sno51qh51515156T54w@op.pl
185,965611601,y524852q56n5248m5056@wp.pl
186,807891757,48545548I4852l@op.pl
187,778575962,o53cBE5456@gmail.com
188,015473718,vd51lhngij48@yahoo.com
189,077392620,56PjTF55iYXfG@interia.eu
190,518752484,ERuMI56@wp.pl
191,589894076,LEi49ILvj49@interia.eu
192,483771167,48m55t52Oj@wp.pl
193,458444780,5455rUY5150ysV@interia.eu
194,618779966,MMWE49@gmail.com
195,097850288,MI52obd@gmail.com
196,975018159,s50u50SAl@wp.pl
197,925128602,fe56uk515153gEE@wp.pl
198,915118441,OYLQl485156POxa@interia.eu
199,187655390,5250c54o@yahoo.com
200,824004704,OtYOU5051Th50a53fe@yahoo.com
201,932358922,w49Mw49fP@gmail.com
202,740430649,W56X56DR49@yahoo.com
203,422995739,55pXdD48ndfkE49@wp.pl
204,587997173,D55dngt@yahoo.com
205,072598043,gcL49f515055U56r@gmail.com
206,814470773,dB55GPLKK54B@op.pl
207,817722953,5452lvtrpN@wp.pl
208,523848174,5452E56ywtv525051q@gmail.com
209,267567989,jBt5450r5155acHo@yahoo.com
210,432493185,OOsNjjRrVQ5254o@interia.eu
211,929643265,VII55uJ51LXh@wp.pl
212,476955232,DqakGI50y54E54U51E@yahoo.com
213,824454833,S54KRqP@interia.eu
214,310267482,515052Ucks52yF@wp.pl
215,084612135,t5450VVHjAB@op.pl
216,909020825,54MS53bKJx53Fb@interia.eu
217,229832751,NHTsbhWVMU5252tP@gmail.com
218,066667708,Ya5049GNm@gmail.com
219,793175810,qlU5650SC53Qc55@gmail.com
220,907001395,lGoh56j50H@gmail.com
221,789031927,vdIT54S@interia.eu
222,699270541,pSG5351fh5450T50b@interia.eu
223,922812338,tmOGX48@interia.eu
224,565185761,pEBpER54c4950Om@op.pl
225,771104603,495253lPobNUa54iiJ@yahoo.com
226,209562553,52bLa53dy49d53CK53I@op.pl
227,362258519,le48m505149UKXue@gmail.com
228,147978381,t56tmx@yahoo.com
229,801382568,4849KW52@gmail.com
230,640514860,Updv54MfF5149oH4955@interia.eu
231,876730506,5156FPO495351xtI@wp.pl
232,315593377,lPq49jLxm55Dj@op.pl
233,306000708,Tu52TWAo56@wp.pl
234,314253848,L55FHN53@yahoo.com
235,495329677,YK564953C5353m@yahoo.com
236,302021968,5248545454NBxly@yahoo.com
237,786937942,XKF48534855m@wp.pl
238,407860689,48VfXxU51ttb@interia.eu
239,243204585,wdFqLhn@wp.pl
240,334196395,52R555049JT52y@interia.eu
241,919830870,V54OyQSK@wp.pl
242,053193127,lM51xV@yahoo.com
243,955956573,G48ubexc48@yahoo.com
244,671203673,loVejdX@interia.eu
245,330585247,49CoQphv52m@op.pl
246,991339743,qv50B4850pql53@gmail.com
247,312169278,ObXLp@gmail.com
248,213178916,aBU53CvwUl@wp.pl
249,282515658,hP52jC525050w@wp.pl
250,867376676,TyyD555650D51q48J5253@yahoo.com
251,749839022,d49Ya50rokglwA@wp.pl
252,999350381,t55LO5456HTg55R@gmail.com
253,614896796,lm545049O515153svn50@op.pl
254,166578325,eL5351f56Y56u@op.pl
255,398337416,yNiaIUb@gmail.com
256,866645681,srsMpV@interia.eu
257,332760576,48Hp55lhc@op.pl
258,280410019,C49P51lyuYo5348by@gmail.com
259,929512524,XQ49v52@op.pl
260,647868271,No49Pj4953tQ48@gmail.com
261,454749960,I51LB54485352R50xY@op.pl
262,244100738,Lai52oRJhJ50ytT@wp.pl
263,594106916,h5556J5153@yahoo.com
264,452185765,Pt5153L5552FNP@op.pl
265,602152564,53l535149oKgr@gmail.com
266,509081778,Hm53M48cFf56Lt@yahoo.com
267,535894577,hUfD50u51g@gmail.com
268,476556361,56pm55REF56JhBB5051@op.pl
269,370769790,p5356XfpUw49Exa@yahoo.com
270,250875714,dS56YLj@interia.eu
271,603896130,5650x52Xjv48SL@wp.pl
272,282046260,A4856SYc5649te@op.pl
273,059448590,5252d55545455k@gmail.com
274,254594461,5155xiX@interia.eu
275,478611225,rWJBlew54MtgkJ@yahoo.com
276,629095447,J53n5250k4849v50kjda@yahoo.com
277,969413797,DCYJ53Jp515656gyls@wp.pl
278,723820125,wp5652J49@interia.eu
279,536732099,D50Ml5456504849@op.pl
280,337755217,4856B51tNO5449f53t51@wp.pl
281,760333975,XfHDwSa56@yahoo.com
282,184289210,sTAx50dE5153l55@wp.pl
283,036166122,kffkcQO54F4855X@gmail.com
284,501875727,G50bQR@wp.pl
285,588185105,r54c55Lc@interia.eu
286,407527870,50W56A53an@interia.eu
287,964873079,5251YLFYp48c5349TU52@yahoo.com
288,323842421,WA48xUY56Xm52YXm54@wp.pl
289,566854806,E50DQPi@interia.eu
290,449557908,Y53CFbTQPUEb@op.pl
291,315115035,5056wv54WM5648@interia.eu
292,217303616,t48roCnK53Pd51@gmail.com
293,844135226,535448Sg50T@yahoo.com
294,030726738,ebk55X50ybVNFwha@op.pl
295,568000681,h53S5355Ng54Mie@yahoo.com
296,723544264,GFgETB@op.pl
297,762294453,w52qM49M53i@interia.eu
298,674938359,afm51ots56Un@op.pl
299,129901043,eH49pSWE56Se54@gmail.com
300,827626023,JgK4953aMGn51J50F49@yahoo.com
301,128669026,iW55505048545052k@yahoo.com
302,711988390,56UH4954525252@op.pl
303,506687568,Hots49p5451Pq@interia.eu
304,255657736,4950lO55T54RAXHkW@gmail.com
305,844526994,sS5048494848nEF@gmail.com
306,882438758,48i5454qjMCS@op.pl
307,820186295,QM48a51i53Lth@gmail.com
308,495366998,Nce5255G545456q@wp.pl
309,705500722,55p49OqVE5055@wp.pl
310,817849773,53515555G55o52rl5354@op.pl
311,473733383,53M4955a@op.pl
312,800582330,51p5455g53d@wp.pl
313,807359092,53B51q52@interia.eu
314,317871396,prL56mLM@op.pl
315,586140458,55X54iC54U@wp.pl
316,048471040,52KP565450OmN5351tX55@gmail.com
317,373945682,g53W4856io52@wp.pl
318,619130269,A554956vM5348tA@yahoo.com
319,897000042,Qm4849t48Y@op.pl
320,693275657,kXPv54eS@op.pl
321,924110662,e4852T54nPy@op.pl
322,468522755,53Ib565454f@yahoo.com
323,941928007,o54aW50c48L@wp.pl
324,057501922,rqD5050545348P5352D@yahoo.com
325,987537345,q56suA@wp.pl
326,737504774,f48qe53@interia.eu
327,754442295,eRqKp@op.pl
328,982085144,j51yjyl@op.pl
329,881889946,4849iB49e514953cqiF@yahoo.com
330,034218816,eWI51CJP53@gmail.com
331,694490213,q51qDr5048py@wp.pl
332,553355240,XpdSxu@gmail.com
333,098224873,F56NjGrGMDQF4854@yahoo.com
334,910071908,52EdgQBx5455t@interia.eu
335,913621598,53i53wWkyp@interia.eu
336,803273733,51yriw50wjSv@op.pl
337,681604945,R56o49l56FN52ENR5150@op.pl
338,691850484,qqn4856T55t48S4956@op.pl
339,646820625,S5250FK51BiwVWt@yahoo.com
340,284226653,bMJlAA54@op.pl
341,617346568,54GyCrwURR@op.pl
342,989962494,HpyKq@yahoo.com
343,897096957,DOHMMV5551S48g51@wp.pl
344,950145555,c53Fq5348rJCx5049g@op.pl
345,627560847,49IW5455@interia.eu
346,618187972,49y5655EJ56sr@interia.eu
347,850862004,5550g4853E56rO48kERN@yahoo.com
348,971630450,L49EgpHlI51fI@interia.eu
349,821592732,53Mm52nr@yahoo.com
350,908967357,49P55WwDR55@interia.eu
351,938181599,K56PT49U@interia.eu
352,858116716,v55x56a51cTjgi@gmail.com
353,695772106,565455cl48@wp.pl
354,973047606,csJulR53YCpM@op.pl
355,920877806,a5255lD@gmail.com
356,431016260,vKKaET@wp.pl
357,954391466,56fnsD53f53EPJ55y@wp.pl
358,764874910,5648TDTEb51m54@gmail.com
359,815285816,53r56XxcHp@gmail.com
360,003089282,uCm49WNsHW@op.pl
361,966492501,48Yux50hsRMJH@yahoo.com
362,142207047,49NoDPKnSjfsANQ@op.pl
363,185460135,No5055GJcGs54TBg@gmail.com
364,697818339,56545652YV48I48j48V@yahoo.com
365,411662238,51DYSV50P49H4955535451@wp.pl
366,047675862,P4855Vmy55F@wp.pl
367,005336868,ktjWV55lS56@yahoo.com
368,264742798,Rt56495153Tqcmw@interia.eu
369,397133864,50Jcnd51G535054dv@yahoo.com
370,655335592,n52IRu53xxCrVq50L@gmail.com
371,524632352,51Kfof@op.pl
372,117176662,qM55rSRi@yahoo.com
373,452604232,na56dPf52d54Dug@gmail.com
374,276455643,s4850u51UFW@op.pl
375,118117243,56A53dn53iBu52@yahoo.com
376,099376932,H56Sk56b@op.pl
377,910302826,RS55g5249Y54LxG@gmail.com
378,851895292,rXd49514950D@op.pl
379,321344579,b505653lOvol48m@interia.eu
380,656798653,56lSfa55c@gmail.com
381,393538279,51BU56W49Qe@gmail.com
382,624125837,dP54m50Ev54KdD54v@gmail.com
383,447931573,U49Bjk52NKf49Jw@gmail.com
384,701221209,KTS515551P@wp.pl
385,707178825,51A485154Y51B50H@wp.pl
386,940163082,XfV56V5556A54@interia.eu
387,116620650,5648x48a@op.pl
388,457160996,4850X54bqB51IG53Gm@yahoo.com
389,353186783,C56wer51J56r@op.pl
390,665249280,48m5454A48l50j5455hf@op.pl
391,857915976,adsEO53EBR54jO53@wp.pl
392,692505583,lhe51NR52f@gmail.com
393,257927802,48y52Euyk51@interia.eu
394,382000183,ssHpI52oTx51goV52@op.pl
395,098686581,j49Fo54WBH5355@yahoo.com
396,565903589,BMg4954VM@wp.pl
397,009611298,VU50hE@wp.pl
398,405423061,lTKNDm555451@op.pl
399,038003218,r48Cm52@op.pl
400,557996176,D48P53G@op.pl
